Log10(x),y,Log10(Q^2 / GeV^2)
-4.0,0.0,0.0
-4.0,0.0,0.5714285714285714
-4.0,0.0,1.1428571428571428
-4.0,0.0,1.7142857142857142
-4.0,0.0,2.2857142857142856
-4.0,0.0,2.8571428571428568
-4.0,0.0,3.4285714285714284
-4.0,0.0,4.0
-4.0,0.14285714285714285,0.0
-4.0,0.14285714285714285,0.5714285714285714
-4.0,0.14285714285714285,1.1428571428571428
-4.0,0.14285714285714285,1.7142857142857142
-4.0,0.14285714285714285,2.2857142857142856
-4.0,0.14285714285714285,2.8571428571428568
-4.0,0.14285714285714285,3.4285714285714284
-4.0,0.14285714285714285,4.0
-4.0,0.2857142857142857,0.0
-4.0,0.2857142857142857,0.5714285714285714
-4.0,0.2857142857142857,1.1428571428571428
-4.0,0.2857142857142857,1.7142857142857142
-4.0,0.2857142857142857,2.2857142857142856
-4.0,0.2857142857142857,2.8571428571428568
-4.0,0.2857142857142857,3.4285714285714284
-4.0,0.2857142857142857,4.0
-4.0,0.42857142857142855,0.0
-4.0,0.42857142857142855,0.5714285714285714
-4.0,0.42857142857142855,1.1428571428571428
-4.0,0.42857142857142855,1.7142857142857142
-4.0,0.42857142857142855,2.2857142857142856
-4.0,0.42857142857142855,2.8571428571428568
-4.0,0.42857142857142855,3.4285714285714284
-4.0,0.42857142857142855,4.0
-4.0,0.5714285714285714,0.0
-4.0,0.5714285714285714,0.5714285714285714
-4.0,0.5714285714285714,1.1428571428571428
-4.0,0.5714285714285714,1.7142857142857142
-4.0,0.5714285714285714,2.2857142857142856
-4.0,0.5714285714285714,2.8571428571428568
-4.0,0.5714285714285714,3.4285714285714284
-4.0,0.5714285714285714,4.0
-4.0,0.7142857142857142,0.0
-4.0,0.7142857142857142,0.5714285714285714
-4.0,0.7142857142857142,1.1428571428571428
-4.0,0.7142857142857142,1.7142857142857142
-4.0,0.7142857142857142,2.2857142857142856
-4.0,0.7142857142857142,2.8571428571428568
-4.0,0.7142857142857142,3.4285714285714284
-4.0,0.7142857142857142,4.0
-4.0,0.8571428571428571,0.0
-4.0,0.8571428571428571,0.5714285714285714
-4.0,0.8571428571428571,1.1428571428571428
-4.0,0.8571428571428571,1.7142857142857142
-4.0,0.8571428571428571,2.2857142857142856
-4.0,0.8571428571428571,2.8571428571428568
-4.0,0.8571428571428571,3.4285714285714284
-4.0,0.8571428571428571,4.0
-4.0,1.0,0.0
-4.0,1.0,0.5714285714285714
-4.0,1.0,1.1428571428571428
-4.0,1.0,1.7142857142857142
-4.0,1.0,2.2857142857142856
-4.0,1.0,2.8571428571428568
-4.0,1.0,3.4285714285714284
-4.0,1.0,4.0
-3.8095238095238093,0.0,0.0
-3.8095238095238093,0.0,0.5714285714285714
-3.8095238095238093,0.0,1.1428571428571428
-3.8095238095238093,0.0,1.7142857142857142
-3.8095238095238093,0.0,2.2857142857142856
-3.8095238095238093,0.0,2.8571428571428568
-3.8095238095238093,0.0,3.4285714285714284
-3.8095238095238093,0.0,4.0
-3.8095238095238093,0.14285714285714285,0.0
-3.8095238095238093,0.14285714285714285,0.5714285714285714
-3.8095238095238093,0.14285714285714285,1.1428571428571428
-3.8095238095238093,0.14285714285714285,1.7142857142857142
-3.8095238095238093,0.14285714285714285,2.2857142857142856
-3.8095238095238093,0.14285714285714285,2.8571428571428568
-3.8095238095238093,0.14285714285714285,3.4285714285714284
-3.8095238095238093,0.14285714285714285,4.0
-3.8095238095238093,0.2857142857142857,0.0
-3.8095238095238093,0.2857142857142857,0.5714285714285714
-3.8095238095238093,0.2857142857142857,1.1428571428571428
-3.8095238095238093,0.2857142857142857,1.7142857142857142
-3.8095238095238093,0.2857142857142857,2.2857142857142856
-3.8095238095238093,0.2857142857142857,2.8571428571428568
-3.8095238095238093,0.2857142857142857,3.4285714285714284
-3.8095238095238093,0.2857142857142857,4.0
-3.8095238095238093,0.42857142857142855,0.0
-3.8095238095238093,0.42857142857142855,0.5714285714285714
-3.8095238095238093,0.42857142857142855,1.1428571428571428
-3.8095238095238093,0.42857142857142855,1.7142857142857142
-3.8095238095238093,0.42857142857142855,2.2857142857142856
-3.8095238095238093,0.42857142857142855,2.8571428571428568
-3.8095238095238093,0.42857142857142855,3.4285714285714284
-3.8095238095238093,0.42857142857142855,4.0
-3.8095238095238093,0.5714285714285714,0.0
-3.8095238095238093,0.5714285714285714,0.5714285714285714
-3.8095238095238093,0.5714285714285714,1.1428571428571428
-3.8095238095238093,0.5714285714285714,1.7142857142857142
-3.8095238095238093,0.5714285714285714,2.2857142857142856
-3.8095238095238093,0.5714285714285714,2.8571428571428568
-3.8095238095238093,0.5714285714285714,3.4285714285714284
-3.8095238095238093,0.5714285714285714,4.0
-3.8095238095238093,0.7142857142857142,0.0
-3.8095238095238093,0.7142857142857142,0.5714285714285714
-3.8095238095238093,0.7142857142857142,1.1428571428571428
-3.8095238095238093,0.7142857142857142,1.7142857142857142
-3.8095238095238093,0.7142857142857142,2.2857142857142856
-3.8095238095238093,0.7142857142857142,2.8571428571428568
-3.8095238095238093,0.7142857142857142,3.4285714285714284
-3.8095238095238093,0.7142857142857142,4.0
-3.8095238095238093,0.8571428571428571,0.0
-3.8095238095238093,0.8571428571428571,0.5714285714285714
-3.8095238095238093,0.8571428571428571,1.1428571428571428
-3.8095238095238093,0.8571428571428571,1.7142857142857142
-3.8095238095238093,0.8571428571428571,2.2857142857142856
-3.8095238095238093,0.8571428571428571,2.8571428571428568
-3.8095238095238093,0.8571428571428571,3.4285714285714284
-3.8095238095238093,0.8571428571428571,4.0
-3.8095238095238093,1.0,0.0
-3.8095238095238093,1.0,0.5714285714285714
-3.8095238095238093,1.0,1.1428571428571428
-3.8095238095238093,1.0,1.7142857142857142
-3.8095238095238093,1.0,2.2857142857142856
-3.8095238095238093,1.0,2.8571428571428568
-3.8095238095238093,1.0,3.4285714285714284
-3.8095238095238093,1.0,4.0
-3.619047619047619,0.0,0.0
-3.619047619047619,0.0,0.5714285714285714
-3.619047619047619,0.0,1.1428571428571428
-3.619047619047619,0.0,1.7142857142857142
-3.619047619047619,0.0,2.2857142857142856
-3.619047619047619,0.0,2.8571428571428568
-3.619047619047619,0.0,3.4285714285714284
-3.619047619047619,0.0,4.0
-3.619047619047619,0.14285714285714285,0.0
-3.619047619047619,0.14285714285714285,0.5714285714285714
-3.619047619047619,0.14285714285714285,1.1428571428571428
-3.619047619047619,0.14285714285714285,1.7142857142857142
-3.619047619047619,0.14285714285714285,2.2857142857142856
-3.619047619047619,0.14285714285714285,2.8571428571428568
-3.619047619047619,0.14285714285714285,3.4285714285714284
-3.619047619047619,0.14285714285714285,4.0
-3.619047619047619,0.2857142857142857,0.0
-3.619047619047619,0.2857142857142857,0.5714285714285714
-3.619047619047619,0.2857142857142857,1.1428571428571428
-3.619047619047619,0.2857142857142857,1.7142857142857142
-3.619047619047619,0.2857142857142857,2.2857142857142856
-3.619047619047619,0.2857142857142857,2.8571428571428568
-3.619047619047619,0.2857142857142857,3.4285714285714284
-3.619047619047619,0.2857142857142857,4.0
-3.619047619047619,0.42857142857142855,0.0
-3.619047619047619,0.42857142857142855,0.5714285714285714
-3.619047619047619,0.42857142857142855,1.1428571428571428
-3.619047619047619,0.42857142857142855,1.7142857142857142
-3.619047619047619,0.42857142857142855,2.2857142857142856
-3.619047619047619,0.42857142857142855,2.8571428571428568
-3.619047619047619,0.42857142857142855,3.4285714285714284
-3.619047619047619,0.42857142857142855,4.0
-3.619047619047619,0.5714285714285714,0.0
-3.619047619047619,0.5714285714285714,0.5714285714285714
-3.619047619047619,0.5714285714285714,1.1428571428571428
-3.619047619047619,0.5714285714285714,1.7142857142857142
-3.619047619047619,0.5714285714285714,2.2857142857142856
-3.619047619047619,0.5714285714285714,2.8571428571428568
-3.619047619047619,0.5714285714285714,3.4285714285714284
-3.619047619047619,0.5714285714285714,4.0
-3.619047619047619,0.7142857142857142,0.0
-3.619047619047619,0.7142857142857142,0.5714285714285714
-3.619047619047619,0.7142857142857142,1.1428571428571428
-3.619047619047619,0.7142857142857142,1.7142857142857142
-3.619047619047619,0.7142857142857142,2.2857142857142856
-3.619047619047619,0.7142857142857142,2.8571428571428568
-3.619047619047619,0.7142857142857142,3.4285714285714284
-3.619047619047619,0.7142857142857142,4.0
-3.619047619047619,0.8571428571428571,0.0
-3.619047619047619,0.8571428571428571,0.5714285714285714
-3.619047619047619,0.8571428571428571,1.1428571428571428
-3.619047619047619,0.8571428571428571,1.7142857142857142
-3.619047619047619,0.8571428571428571,2.2857142857142856
-3.619047619047619,0.8571428571428571,2.8571428571428568
-3.619047619047619,0.8571428571428571,3.4285714285714284
-3.619047619047619,0.8571428571428571,4.0
-3.619047619047619,1.0,0.0
-3.619047619047619,1.0,0.5714285714285714
-3.619047619047619,1.0,1.1428571428571428
-3.619047619047619,1.0,1.7142857142857142
-3.619047619047619,1.0,2.2857142857142856
-3.619047619047619,1.0,2.8571428571428568
-3.619047619047619,1.0,3.4285714285714284
-3.619047619047619,1.0,4.0
-3.428571428571429,0.0,0.0
-3.428571428571429,0.0,0.5714285714285714
-3.428571428571429,0.0,1.1428571428571428
-3.428571428571429,0.0,1.7142857142857142
-3.428571428571429,0.0,2.2857142857142856
-3.428571428571429,0.0,2.8571428571428568
-3.428571428571429,0.0,3.4285714285714284
-3.428571428571429,0.0,4.0
-3.428571428571429,0.14285714285714285,0.0
-3.428571428571429,0.14285714285714285,0.5714285714285714
-3.428571428571429,0.14285714285714285,1.1428571428571428
-3.428571428571429,0.14285714285714285,1.7142857142857142
-3.428571428571429,0.14285714285714285,2.2857142857142856
-3.428571428571429,0.14285714285714285,2.8571428571428568
-3.428571428571429,0.14285714285714285,3.4285714285714284
-3.428571428571429,0.14285714285714285,4.0
-3.428571428571429,0.2857142857142857,0.0
-3.428571428571429,0.2857142857142857,0.5714285714285714
-3.428571428571429,0.2857142857142857,1.1428571428571428
-3.428571428571429,0.2857142857142857,1.7142857142857142
-3.428571428571429,0.2857142857142857,2.2857142857142856
-3.428571428571429,0.2857142857142857,2.8571428571428568
-3.428571428571429,0.2857142857142857,3.4285714285714284
-3.428571428571429,0.2857142857142857,4.0
-3.428571428571429,0.42857142857142855,0.0
-3.428571428571429,0.42857142857142855,0.5714285714285714
-3.428571428571429,0.42857142857142855,1.1428571428571428
-3.428571428571429,0.42857142857142855,1.7142857142857142
-3.428571428571429,0.42857142857142855,2.2857142857142856
-3.428571428571429,0.42857142857142855,2.8571428571428568
-3.428571428571429,0.42857142857142855,3.4285714285714284
-3.428571428571429,0.42857142857142855,4.0
-3.428571428571429,0.5714285714285714,0.0
-3.428571428571429,0.5714285714285714,0.5714285714285714
-3.428571428571429,0.5714285714285714,1.1428571428571428
-3.428571428571429,0.5714285714285714,1.7142857142857142
-3.428571428571429,0.5714285714285714,2.2857142857142856
-3.428571428571429,0.5714285714285714,2.8571428571428568
-3.428571428571429,0.5714285714285714,3.4285714285714284
-3.428571428571429,0.5714285714285714,4.0
-3.428571428571429,0.7142857142857142,0.0
-3.428571428571429,0.7142857142857142,0.5714285714285714
-3.428571428571429,0.7142857142857142,1.1428571428571428
-3.428571428571429,0.7142857142857142,1.7142857142857142
-3.428571428571429,0.7142857142857142,2.2857142857142856
-3.428571428571429,0.7142857142857142,2.8571428571428568
-3.428571428571429,0.7142857142857142,3.4285714285714284
-3.428571428571429,0.7142857142857142,4.0
-3.428571428571429,0.8571428571428571,0.0
-3.428571428571429,0.8571428571428571,0.5714285714285714
-3.428571428571429,0.8571428571428571,1.1428571428571428
-3.428571428571429,0.8571428571428571,1.7142857142857142
-3.428571428571429,0.8571428571428571,2.2857142857142856
-3.428571428571429,0.8571428571428571,2.8571428571428568
-3.428571428571429,0.8571428571428571,3.4285714285714284
-3.428571428571429,0.8571428571428571,4.0
-3.428571428571429,1.0,0.0
-3.428571428571429,1.0,0.5714285714285714
-3.428571428571429,1.0,1.1428571428571428
-3.428571428571429,1.0,1.7142857142857142
-3.428571428571429,1.0,2.2857142857142856
-3.428571428571429,1.0,2.8571428571428568
-3.428571428571429,1.0,3.4285714285714284
-3.428571428571429,1.0,4.0
-3.238095238095238,0.0,0.0
-3.238095238095238,0.0,0.5714285714285714
-3.238095238095238,0.0,1.1428571428571428
-3.238095238095238,0.0,1.7142857142857142
-3.238095238095238,0.0,2.2857142857142856
-3.238095238095238,0.0,2.8571428571428568
-3.238095238095238,0.0,3.4285714285714284
-3.238095238095238,0.0,4.0
-3.238095238095238,0.14285714285714285,0.0
-3.238095238095238,0.14285714285714285,0.5714285714285714
-3.238095238095238,0.14285714285714285,1.1428571428571428
-3.238095238095238,0.14285714285714285,1.7142857142857142
-3.238095238095238,0.14285714285714285,2.2857142857142856
-3.238095238095238,0.14285714285714285,2.8571428571428568
-3.238095238095238,0.14285714285714285,3.4285714285714284
-3.238095238095238,0.14285714285714285,4.0
-3.238095238095238,0.2857142857142857,0.0
-3.238095238095238,0.2857142857142857,0.5714285714285714
-3.238095238095238,0.2857142857142857,1.1428571428571428
-3.238095238095238,0.2857142857142857,1.7142857142857142
-3.238095238095238,0.2857142857142857,2.2857142857142856
-3.238095238095238,0.2857142857142857,2.8571428571428568
-3.238095238095238,0.2857142857142857,3.4285714285714284
-3.238095238095238,0.2857142857142857,4.0
-3.238095238095238,0.42857142857142855,0.0
-3.238095238095238,0.42857142857142855,0.5714285714285714
-3.238095238095238,0.42857142857142855,1.1428571428571428
-3.238095238095238,0.42857142857142855,1.7142857142857142
-3.238095238095238,0.42857142857142855,2.2857142857142856
-3.238095238095238,0.42857142857142855,2.8571428571428568
-3.238095238095238,0.42857142857142855,3.4285714285714284
-3.238095238095238,0.42857142857142855,4.0
-3.238095238095238,0.5714285714285714,0.0
-3.238095238095238,0.5714285714285714,0.5714285714285714
-3.238095238095238,0.5714285714285714,1.1428571428571428
-3.238095238095238,0.5714285714285714,1.7142857142857142
-3.238095238095238,0.5714285714285714,2.2857142857142856
-3.238095238095238,0.5714285714285714,2.8571428571428568
-3.238095238095238,0.5714285714285714,3.4285714285714284
-3.238095238095238,0.5714285714285714,4.0
-3.238095238095238,0.7142857142857142,0.0
-3.238095238095238,0.7142857142857142,0.5714285714285714
-3.238095238095238,0.7142857142857142,1.1428571428571428
-3.238095238095238,0.7142857142857142,1.7142857142857142
-3.238095238095238,0.7142857142857142,2.2857142857142856
-3.238095238095238,0.7142857142857142,2.8571428571428568
-3.238095238095238,0.7142857142857142,3.4285714285714284
-3.238095238095238,0.7142857142857142,4.0
-3.238095238095238,0.8571428571428571,0.0
-3.238095238095238,0.8571428571428571,0.5714285714285714
-3.238095238095238,0.8571428571428571,1.1428571428571428
-3.238095238095238,0.8571428571428571,1.7142857142857142
-3.238095238095238,0.8571428571428571,2.2857142857142856
-3.238095238095238,0.8571428571428571,2.8571428571428568
-3.238095238095238,0.8571428571428571,3.4285714285714284
-3.238095238095238,0.8571428571428571,4.0
-3.238095238095238,1.0,0.0
-3.238095238095238,1.0,0.5714285714285714
-3.238095238095238,1.0,1.1428571428571428
-3.238095238095238,1.0,1.7142857142857142
-3.238095238095238,1.0,2.2857142857142856
-3.238095238095238,1.0,2.8571428571428568
-3.238095238095238,1.0,3.4285714285714284
-3.238095238095238,1.0,4.0
-3.0476190476190474,0.0,0.0
-3.0476190476190474,0.0,0.5714285714285714
-3.0476190476190474,0.0,1.1428571428571428
-3.0476190476190474,0.0,1.7142857142857142
-3.0476190476190474,0.0,2.2857142857142856
-3.0476190476190474,0.0,2.8571428571428568
-3.0476190476190474,0.0,3.4285714285714284
-3.0476190476190474,0.0,4.0
-3.0476190476190474,0.14285714285714285,0.0
-3.0476190476190474,0.14285714285714285,0.5714285714285714
-3.0476190476190474,0.14285714285714285,1.1428571428571428
-3.0476190476190474,0.14285714285714285,1.7142857142857142
-3.0476190476190474,0.14285714285714285,2.2857142857142856
-3.0476190476190474,0.14285714285714285,2.8571428571428568
-3.0476190476190474,0.14285714285714285,3.4285714285714284
-3.0476190476190474,0.14285714285714285,4.0
-3.0476190476190474,0.2857142857142857,0.0
-3.0476190476190474,0.2857142857142857,0.5714285714285714
-3.0476190476190474,0.2857142857142857,1.1428571428571428
-3.0476190476190474,0.2857142857142857,1.7142857142857142
-3.0476190476190474,0.2857142857142857,2.2857142857142856
-3.0476190476190474,0.2857142857142857,2.8571428571428568
-3.0476190476190474,0.2857142857142857,3.4285714285714284
-3.0476190476190474,0.2857142857142857,4.0
-3.0476190476190474,0.42857142857142855,0.0
-3.0476190476190474,0.42857142857142855,0.5714285714285714
-3.0476190476190474,0.42857142857142855,1.1428571428571428
-3.0476190476190474,0.42857142857142855,1.7142857142857142
-3.0476190476190474,0.42857142857142855,2.2857142857142856
-3.0476190476190474,0.42857142857142855,2.8571428571428568
-3.0476190476190474,0.42857142857142855,3.4285714285714284
-3.0476190476190474,0.42857142857142855,4.0
-3.0476190476190474,0.5714285714285714,0.0
-3.0476190476190474,0.5714285714285714,0.5714285714285714
-3.0476190476190474,0.5714285714285714,1.1428571428571428
-3.0476190476190474,0.5714285714285714,1.7142857142857142
-3.0476190476190474,0.5714285714285714,2.2857142857142856
-3.0476190476190474,0.5714285714285714,2.8571428571428568
-3.0476190476190474,0.5714285714285714,3.4285714285714284
-3.0476190476190474,0.5714285714285714,4.0
-3.0476190476190474,0.7142857142857142,0.0
-3.0476190476190474,0.7142857142857142,0.5714285714285714
-3.0476190476190474,0.7142857142857142,1.1428571428571428
-3.0476190476190474,0.7142857142857142,1.7142857142857142
-3.0476190476190474,0.7142857142857142,2.2857142857142856
-3.0476190476190474,0.7142857142857142,2.8571428571428568
-3.0476190476190474,0.7142857142857142,3.4285714285714284
-3.0476190476190474,0.7142857142857142,4.0
-3.0476190476190474,0.8571428571428571,0.0
-3.0476190476190474,0.8571428571428571,0.5714285714285714
-3.0476190476190474,0.8571428571428571,1.1428571428571428
-3.0476190476190474,0.8571428571428571,1.7142857142857142
-3.0476190476190474,0.8571428571428571,2.2857142857142856
-3.0476190476190474,0.8571428571428571,2.8571428571428568
-3.0476190476190474,0.8571428571428571,3.4285714285714284
-3.0476190476190474,0.8571428571428571,4.0
-3.0476190476190474,1.0,0.0
-3.0476190476190474,1.0,0.5714285714285714
-3.0476190476190474,1.0,1.1428571428571428
-3.0476190476190474,1.0,1.7142857142857142
-3.0476190476190474,1.0,2.2857142857142856
-3.0476190476190474,1.0,2.8571428571428568
-3.0476190476190474,1.0,3.4285714285714284
-3.0476190476190474,1.0,4.0
-2.857142857142857,0.0,0.0
-2.857142857142857,0.0,0.5714285714285714
-2.857142857142857,0.0,1.1428571428571428
-2.857142857142857,0.0,1.7142857142857142
-2.857142857142857,0.0,2.2857142857142856
-2.857142857142857,0.0,2.8571428571428568
-2.857142857142857,0.0,3.4285714285714284
-2.857142857142857,0.0,4.0
-2.857142857142857,0.14285714285714285,0.0
-2.857142857142857,0.14285714285714285,0.5714285714285714
-2.857142857142857,0.14285714285714285,1.1428571428571428
-2.857142857142857,0.14285714285714285,1.7142857142857142
-2.857142857142857,0.14285714285714285,2.2857142857142856
-2.857142857142857,0.14285714285714285,2.8571428571428568
-2.857142857142857,0.14285714285714285,3.4285714285714284
-2.857142857142857,0.14285714285714285,4.0
-2.857142857142857,0.2857142857142857,0.0
-2.857142857142857,0.2857142857142857,0.5714285714285714
-2.857142857142857,0.2857142857142857,1.1428571428571428
-2.857142857142857,0.2857142857142857,1.7142857142857142
-2.857142857142857,0.2857142857142857,2.2857142857142856
-2.857142857142857,0.2857142857142857,2.8571428571428568
-2.857142857142857,0.2857142857142857,3.4285714285714284
-2.857142857142857,0.2857142857142857,4.0
-2.857142857142857,0.42857142857142855,0.0
-2.857142857142857,0.42857142857142855,0.5714285714285714
-2.857142857142857,0.42857142857142855,1.1428571428571428
-2.857142857142857,0.42857142857142855,1.7142857142857142
-2.857142857142857,0.42857142857142855,2.2857142857142856
-2.857142857142857,0.42857142857142855,2.8571428571428568
-2.857142857142857,0.42857142857142855,3.4285714285714284
-2.857142857142857,0.42857142857142855,4.0
-2.857142857142857,0.5714285714285714,0.0
-2.857142857142857,0.5714285714285714,0.5714285714285714
-2.857142857142857,0.5714285714285714,1.1428571428571428
-2.857142857142857,0.5714285714285714,1.7142857142857142
-2.857142857142857,0.5714285714285714,2.2857142857142856
-2.857142857142857,0.5714285714285714,2.8571428571428568
-2.857142857142857,0.5714285714285714,3.4285714285714284
-2.857142857142857,0.5714285714285714,4.0
-2.857142857142857,0.7142857142857142,0.0
-2.857142857142857,0.7142857142857142,0.5714285714285714
-2.857142857142857,0.7142857142857142,1.1428571428571428
-2.857142857142857,0.7142857142857142,1.7142857142857142
-2.857142857142857,0.7142857142857142,2.2857142857142856
-2.857142857142857,0.7142857142857142,2.8571428571428568
-2.857142857142857,0.7142857142857142,3.4285714285714284
-2.857142857142857,0.7142857142857142,4.0
-2.857142857142857,0.8571428571428571,0.0
-2.857142857142857,0.8571428571428571,0.5714285714285714
-2.857142857142857,0.8571428571428571,1.1428571428571428
-2.857142857142857,0.8571428571428571,1.7142857142857142
-2.857142857142857,0.8571428571428571,2.2857142857142856
-2.857142857142857,0.8571428571428571,2.8571428571428568
-2.857142857142857,0.8571428571428571,3.4285714285714284
-2.857142857142857,0.8571428571428571,4.0
-2.857142857142857,1.0,0.0
-2.857142857142857,1.0,0.5714285714285714
-2.857142857142857,1.0,1.1428571428571428
-2.857142857142857,1.0,1.7142857142857142
-2.857142857142857,1.0,2.2857142857142856
-2.857142857142857,1.0,2.8571428571428568
-2.857142857142857,1.0,3.4285714285714284
-2.857142857142857,1.0,4.0
-2.666666666666667,0.0,0.0
-2.666666666666667,0.0,0.5714285714285714
-2.666666666666667,0.0,1.1428571428571428
-2.666666666666667,0.0,1.7142857142857142
-2.666666666666667,0.0,2.2857142857142856
-2.666666666666667,0.0,2.8571428571428568
-2.666666666666667,0.0,3.4285714285714284
-2.666666666666667,0.0,4.0
-2.666666666666667,0.14285714285714285,0.0
-2.666666666666667,0.14285714285714285,0.5714285714285714
-2.666666666666667,0.14285714285714285,1.1428571428571428
-2.666666666666667,0.14285714285714285,1.7142857142857142
-2.666666666666667,0.14285714285714285,2.2857142857142856
-2.666666666666667,0.14285714285714285,2.8571428571428568
-2.666666666666667,0.14285714285714285,3.4285714285714284
-2.666666666666667,0.14285714285714285,4.0
-2.666666666666667,0.2857142857142857,0.0
-2.666666666666667,0.2857142857142857,0.5714285714285714
-2.666666666666667,0.2857142857142857,1.1428571428571428
-2.666666666666667,0.2857142857142857,1.7142857142857142
-2.666666666666667,0.2857142857142857,2.2857142857142856
-2.666666666666667,0.2857142857142857,2.8571428571428568
-2.666666666666667,0.2857142857142857,3.4285714285714284
-2.666666666666667,0.2857142857142857,4.0
-2.666666666666667,0.42857142857142855,0.0
-2.666666666666667,0.42857142857142855,0.5714285714285714
-2.666666666666667,0.42857142857142855,1.1428571428571428
-2.666666666666667,0.42857142857142855,1.7142857142857142
-2.666666666666667,0.42857142857142855,2.2857142857142856
-2.666666666666667,0.42857142857142855,2.8571428571428568
-2.666666666666667,0.42857142857142855,3.4285714285714284
-2.666666666666667,0.42857142857142855,4.0
-2.666666666666667,0.5714285714285714,0.0
-2.666666666666667,0.5714285714285714,0.5714285714285714
-2.666666666666667,0.5714285714285714,1.1428571428571428
-2.666666666666667,0.5714285714285714,1.7142857142857142
-2.666666666666667,0.5714285714285714,2.2857142857142856
-2.666666666666667,0.5714285714285714,2.8571428571428568
-2.666666666666667,0.5714285714285714,3.4285714285714284
-2.666666666666667,0.5714285714285714,4.0
-2.666666666666667,0.7142857142857142,0.0
-2.666666666666667,0.7142857142857142,0.5714285714285714
-2.666666666666667,0.7142857142857142,1.1428571428571428
-2.666666666666667,0.7142857142857142,1.7142857142857142
-2.666666666666667,0.7142857142857142,2.2857142857142856
-2.666666666666667,0.7142857142857142,2.8571428571428568
-2.666666666666667,0.7142857142857142,3.4285714285714284
-2.666666666666667,0.7142857142857142,4.0
-2.666666666666667,0.8571428571428571,0.0
-2.666666666666667,0.8571428571428571,0.5714285714285714
-2.666666666666667,0.8571428571428571,1.1428571428571428
-2.666666666666667,0.8571428571428571,1.7142857142857142
-2.666666666666667,0.8571428571428571,2.2857142857142856
-2.666666666666667,0.8571428571428571,2.8571428571428568
-2.666666666666667,0.8571428571428571,3.4285714285714284
-2.666666666666667,0.8571428571428571,4.0
-2.666666666666667,1.0,0.0
-2.666666666666667,1.0,0.5714285714285714
-2.666666666666667,1.0,1.1428571428571428
-2.666666666666667,1.0,1.7142857142857142
-2.666666666666667,1.0,2.2857142857142856
-2.666666666666667,1.0,2.8571428571428568
-2.666666666666667,1.0,3.4285714285714284
-2.666666666666667,1.0,4.0
-2.4761904761904763,0.0,0.0
-2.4761904761904763,0.0,0.5714285714285714
-2.4761904761904763,0.0,1.1428571428571428
-2.4761904761904763,0.0,1.7142857142857142
-2.4761904761904763,0.0,2.2857142857142856
-2.4761904761904763,0.0,2.8571428571428568
-2.4761904761904763,0.0,3.4285714285714284
-2.4761904761904763,0.0,4.0
-2.4761904761904763,0.14285714285714285,0.0
-2.4761904761904763,0.14285714285714285,0.5714285714285714
-2.4761904761904763,0.14285714285714285,1.1428571428571428
-2.4761904761904763,0.14285714285714285,1.7142857142857142
-2.4761904761904763,0.14285714285714285,2.2857142857142856
-2.4761904761904763,0.14285714285714285,2.8571428571428568
-2.4761904761904763,0.14285714285714285,3.4285714285714284
-2.4761904761904763,0.14285714285714285,4.0
-2.4761904761904763,0.2857142857142857,0.0
-2.4761904761904763,0.2857142857142857,0.5714285714285714
-2.4761904761904763,0.2857142857142857,1.1428571428571428
-2.4761904761904763,0.2857142857142857,1.7142857142857142
-2.4761904761904763,0.2857142857142857,2.2857142857142856
-2.4761904761904763,0.2857142857142857,2.8571428571428568
-2.4761904761904763,0.2857142857142857,3.4285714285714284
-2.4761904761904763,0.2857142857142857,4.0
-2.4761904761904763,0.42857142857142855,0.0
-2.4761904761904763,0.42857142857142855,0.5714285714285714
-2.4761904761904763,0.42857142857142855,1.1428571428571428
-2.4761904761904763,0.42857142857142855,1.7142857142857142
-2.4761904761904763,0.42857142857142855,2.2857142857142856
-2.4761904761904763,0.42857142857142855,2.8571428571428568
-2.4761904761904763,0.42857142857142855,3.4285714285714284
-2.4761904761904763,0.42857142857142855,4.0
-2.4761904761904763,0.5714285714285714,0.0
-2.4761904761904763,0.5714285714285714,0.5714285714285714
-2.4761904761904763,0.5714285714285714,1.1428571428571428
-2.4761904761904763,0.5714285714285714,1.7142857142857142
-2.4761904761904763,0.5714285714285714,2.2857142857142856
-2.4761904761904763,0.5714285714285714,2.8571428571428568
-2.4761904761904763,0.5714285714285714,3.4285714285714284
-2.4761904761904763,0.5714285714285714,4.0
-2.4761904761904763,0.7142857142857142,0.0
-2.4761904761904763,0.7142857142857142,0.5714285714285714
-2.4761904761904763,0.7142857142857142,1.1428571428571428
-2.4761904761904763,0.7142857142857142,1.7142857142857142
-2.4761904761904763,0.7142857142857142,2.2857142857142856
-2.4761904761904763,0.7142857142857142,2.8571428571428568
-2.4761904761904763,0.7142857142857142,3.4285714285714284
-2.4761904761904763,0.7142857142857142,4.0
-2.4761904761904763,0.8571428571428571,0.0
-2.4761904761904763,0.8571428571428571,0.5714285714285714
-2.4761904761904763,0.8571428571428571,1.1428571428571428
-2.4761904761904763,0.8571428571428571,1.7142857142857142
-2.4761904761904763,0.8571428571428571,2.2857142857142856
-2.4761904761904763,0.8571428571428571,2.8571428571428568
-2.4761904761904763,0.8571428571428571,3.4285714285714284
-2.4761904761904763,0.8571428571428571,4.0
-2.4761904761904763,1.0,0.0
-2.4761904761904763,1.0,0.5714285714285714
-2.4761904761904763,1.0,1.1428571428571428
-2.4761904761904763,1.0,1.7142857142857142
-2.4761904761904763,1.0,2.2857142857142856
-2.4761904761904763,1.0,2.8571428571428568
-2.4761904761904763,1.0,3.4285714285714284
-2.4761904761904763,1.0,4.0
-2.2857142857142856,0.0,0.0
-2.2857142857142856,0.0,0.5714285714285714
-2.2857142857142856,0.0,1.1428571428571428
-2.2857142857142856,0.0,1.7142857142857142
-2.2857142857142856,0.0,2.2857142857142856
-2.2857142857142856,0.0,2.8571428571428568
-2.2857142857142856,0.0,3.4285714285714284
-2.2857142857142856,0.0,4.0
-2.2857142857142856,0.14285714285714285,0.0
-2.2857142857142856,0.14285714285714285,0.5714285714285714
-2.2857142857142856,0.14285714285714285,1.1428571428571428
-2.2857142857142856,0.14285714285714285,1.7142857142857142
-2.2857142857142856,0.14285714285714285,2.2857142857142856
-2.2857142857142856,0.14285714285714285,2.8571428571428568
-2.2857142857142856,0.14285714285714285,3.4285714285714284
-2.2857142857142856,0.14285714285714285,4.0
-2.2857142857142856,0.2857142857142857,0.0
-2.2857142857142856,0.2857142857142857,0.5714285714285714
-2.2857142857142856,0.2857142857142857,1.1428571428571428
-2.2857142857142856,0.2857142857142857,1.7142857142857142
-2.2857142857142856,0.2857142857142857,2.2857142857142856
-2.2857142857142856,0.2857142857142857,2.8571428571428568
-2.2857142857142856,0.2857142857142857,3.4285714285714284
-2.2857142857142856,0.2857142857142857,4.0
-2.2857142857142856,0.42857142857142855,0.0
-2.2857142857142856,0.42857142857142855,0.5714285714285714
-2.2857142857142856,0.42857142857142855,1.1428571428571428
-2.2857142857142856,0.42857142857142855,1.7142857142857142
-2.2857142857142856,0.42857142857142855,2.2857142857142856
-2.2857142857142856,0.42857142857142855,2.8571428571428568
-2.2857142857142856,0.42857142857142855,3.4285714285714284
-2.2857142857142856,0.42857142857142855,4.0
-2.2857142857142856,0.5714285714285714,0.0
-2.2857142857142856,0.5714285714285714,0.5714285714285714
-2.2857142857142856,0.5714285714285714,1.1428571428571428
-2.2857142857142856,0.5714285714285714,1.7142857142857142
-2.2857142857142856,0.5714285714285714,2.2857142857142856
-2.2857142857142856,0.5714285714285714,2.8571428571428568
-2.2857142857142856,0.5714285714285714,3.4285714285714284
-2.2857142857142856,0.5714285714285714,4.0
-2.2857142857142856,0.7142857142857142,0.0
-2.2857142857142856,0.7142857142857142,0.5714285714285714
-2.2857142857142856,0.7142857142857142,1.1428571428571428
-2.2857142857142856,0.7142857142857142,1.7142857142857142
-2.2857142857142856,0.7142857142857142,2.2857142857142856
-2.2857142857142856,0.7142857142857142,2.8571428571428568
-2.2857142857142856,0.7142857142857142,3.4285714285714284
-2.2857142857142856,0.7142857142857142,4.0
-2.2857142857142856,0.8571428571428571,0.0
-2.2857142857142856,0.8571428571428571,0.5714285714285714
-2.2857142857142856,0.8571428571428571,1.1428571428571428
-2.2857142857142856,0.8571428571428571,1.7142857142857142
-2.2857142857142856,0.8571428571428571,2.2857142857142856
-2.2857142857142856,0.8571428571428571,2.8571428571428568
-2.2857142857142856,0.8571428571428571,3.4285714285714284
-2.2857142857142856,0.8571428571428571,4.0
-2.2857142857142856,1.0,0.0
-2.2857142857142856,1.0,0.5714285714285714
-2.2857142857142856,1.0,1.1428571428571428
-2.2857142857142856,1.0,1.7142857142857142
-2.2857142857142856,1.0,2.2857142857142856
-2.2857142857142856,1.0,2.8571428571428568
-2.2857142857142856,1.0,3.4285714285714284
-2.2857142857142856,1.0,4.0
-2.0952380952380953,0.0,0.0
-2.0952380952380953,0.0,0.5714285714285714
-2.0952380952380953,0.0,1.1428571428571428
-2.0952380952380953,0.0,1.7142857142857142
-2.0952380952380953,0.0,2.2857142857142856
-2.0952380952380953,0.0,2.8571428571428568
-2.0952380952380953,0.0,3.4285714285714284
-2.0952380952380953,0.0,4.0
-2.0952380952380953,0.14285714285714285,0.0
-2.0952380952380953,0.14285714285714285,0.5714285714285714
-2.0952380952380953,0.14285714285714285,1.1428571428571428
-2.0952380952380953,0.14285714285714285,1.7142857142857142
-2.0952380952380953,0.14285714285714285,2.2857142857142856
-2.0952380952380953,0.14285714285714285,2.8571428571428568
-2.0952380952380953,0.14285714285714285,3.4285714285714284
-2.0952380952380953,0.14285714285714285,4.0
-2.0952380952380953,0.2857142857142857,0.0
-2.0952380952380953,0.2857142857142857,0.5714285714285714
-2.0952380952380953,0.2857142857142857,1.1428571428571428
-2.0952380952380953,0.2857142857142857,1.7142857142857142
-2.0952380952380953,0.2857142857142857,2.2857142857142856
-2.0952380952380953,0.2857142857142857,2.8571428571428568
-2.0952380952380953,0.2857142857142857,3.4285714285714284
-2.0952380952380953,0.2857142857142857,4.0
-2.0952380952380953,0.42857142857142855,0.0
-2.0952380952380953,0.42857142857142855,0.5714285714285714
-2.0952380952380953,0.42857142857142855,1.1428571428571428
-2.0952380952380953,0.42857142857142855,1.7142857142857142
-2.0952380952380953,0.42857142857142855,2.2857142857142856
-2.0952380952380953,0.42857142857142855,2.8571428571428568
-2.0952380952380953,0.42857142857142855,3.4285714285714284
-2.0952380952380953,0.42857142857142855,4.0
-2.0952380952380953,0.5714285714285714,0.0
-2.0952380952380953,0.5714285714285714,0.5714285714285714
-2.0952380952380953,0.5714285714285714,1.1428571428571428
-2.0952380952380953,0.5714285714285714,1.7142857142857142
-2.0952380952380953,0.5714285714285714,2.2857142857142856
-2.0952380952380953,0.5714285714285714,2.8571428571428568
-2.0952380952380953,0.5714285714285714,3.4285714285714284
-2.0952380952380953,0.5714285714285714,4.0
-2.0952380952380953,0.7142857142857142,0.0
-2.0952380952380953,0.7142857142857142,0.5714285714285714
-2.0952380952380953,0.7142857142857142,1.1428571428571428
-2.0952380952380953,0.7142857142857142,1.7142857142857142
-2.0952380952380953,0.7142857142857142,2.2857142857142856
-2.0952380952380953,0.7142857142857142,2.8571428571428568
-2.0952380952380953,0.7142857142857142,3.4285714285714284
-2.0952380952380953,0.7142857142857142,4.0
-2.0952380952380953,0.8571428571428571,0.0
-2.0952380952380953,0.8571428571428571,0.5714285714285714
-2.0952380952380953,0.8571428571428571,1.1428571428571428
-2.0952380952380953,0.8571428571428571,1.7142857142857142
-2.0952380952380953,0.8571428571428571,2.2857142857142856
-2.0952380952380953,0.8571428571428571,2.8571428571428568
-2.0952380952380953,0.8571428571428571,3.4285714285714284
-2.0952380952380953,0.8571428571428571,4.0
-2.0952380952380953,1.0,0.0
-2.0952380952380953,1.0,0.5714285714285714
-2.0952380952380953,1.0,1.1428571428571428
-2.0952380952380953,1.0,1.7142857142857142
-2.0952380952380953,1.0,2.2857142857142856
-2.0952380952380953,1.0,2.8571428571428568
-2.0952380952380953,1.0,3.4285714285714284
-2.0952380952380953,1.0,4.0
-1.904761904761905,0.0,0.0
-1.904761904761905,0.0,0.5714285714285714
-1.904761904761905,0.0,1.1428571428571428
-1.904761904761905,0.0,1.7142857142857142
-1.904761904761905,0.0,2.2857142857142856
-1.904761904761905,0.0,2.8571428571428568
-1.904761904761905,0.0,3.4285714285714284
-1.904761904761905,0.0,4.0
-1.904761904761905,0.14285714285714285,0.0
-1.904761904761905,0.14285714285714285,0.5714285714285714
-1.904761904761905,0.14285714285714285,1.1428571428571428
-1.904761904761905,0.14285714285714285,1.7142857142857142
-1.904761904761905,0.14285714285714285,2.2857142857142856
-1.904761904761905,0.14285714285714285,2.8571428571428568
-1.904761904761905,0.14285714285714285,3.4285714285714284
-1.904761904761905,0.14285714285714285,4.0
-1.904761904761905,0.2857142857142857,0.0
-1.904761904761905,0.2857142857142857,0.5714285714285714
-1.904761904761905,0.2857142857142857,1.1428571428571428
-1.904761904761905,0.2857142857142857,1.7142857142857142
-1.904761904761905,0.2857142857142857,2.2857142857142856
-1.904761904761905,0.2857142857142857,2.8571428571428568
-1.904761904761905,0.2857142857142857,3.4285714285714284
-1.904761904761905,0.2857142857142857,4.0
-1.904761904761905,0.42857142857142855,0.0
-1.904761904761905,0.42857142857142855,0.5714285714285714
-1.904761904761905,0.42857142857142855,1.1428571428571428
-1.904761904761905,0.42857142857142855,1.7142857142857142
-1.904761904761905,0.42857142857142855,2.2857142857142856
-1.904761904761905,0.42857142857142855,2.8571428571428568
-1.904761904761905,0.42857142857142855,3.4285714285714284
-1.904761904761905,0.42857142857142855,4.0
-1.904761904761905,0.5714285714285714,0.0
-1.904761904761905,0.5714285714285714,0.5714285714285714
-1.904761904761905,0.5714285714285714,1.1428571428571428
-1.904761904761905,0.5714285714285714,1.7142857142857142
-1.904761904761905,0.5714285714285714,2.2857142857142856
-1.904761904761905,0.5714285714285714,2.8571428571428568
-1.904761904761905,0.5714285714285714,3.4285714285714284
-1.904761904761905,0.5714285714285714,4.0
-1.904761904761905,0.7142857142857142,0.0
-1.904761904761905,0.7142857142857142,0.5714285714285714
-1.904761904761905,0.7142857142857142,1.1428571428571428
-1.904761904761905,0.7142857142857142,1.7142857142857142
-1.904761904761905,0.7142857142857142,2.2857142857142856
-1.904761904761905,0.7142857142857142,2.8571428571428568
-1.904761904761905,0.7142857142857142,3.4285714285714284
-1.904761904761905,0.7142857142857142,4.0
-1.904761904761905,0.8571428571428571,0.0
-1.904761904761905,0.8571428571428571,0.5714285714285714
-1.904761904761905,0.8571428571428571,1.1428571428571428
-1.904761904761905,0.8571428571428571,1.7142857142857142
-1.904761904761905,0.8571428571428571,2.2857142857142856
-1.904761904761905,0.8571428571428571,2.8571428571428568
-1.904761904761905,0.8571428571428571,3.4285714285714284
-1.904761904761905,0.8571428571428571,4.0
-1.904761904761905,1.0,0.0
-1.904761904761905,1.0,0.5714285714285714
-1.904761904761905,1.0,1.1428571428571428
-1.904761904761905,1.0,1.7142857142857142
-1.904761904761905,1.0,2.2857142857142856
-1.904761904761905,1.0,2.8571428571428568
-1.904761904761905,1.0,3.4285714285714284
-1.904761904761905,1.0,4.0
-1.7142857142857144,0.0,0.0
-1.7142857142857144,0.0,0.5714285714285714
-1.7142857142857144,0.0,1.1428571428571428
-1.7142857142857144,0.0,1.7142857142857142
-1.7142857142857144,0.0,2.2857142857142856
-1.7142857142857144,0.0,2.8571428571428568
-1.7142857142857144,0.0,3.4285714285714284
-1.7142857142857144,0.0,4.0
-1.7142857142857144,0.14285714285714285,0.0
-1.7142857142857144,0.14285714285714285,0.5714285714285714
-1.7142857142857144,0.14285714285714285,1.1428571428571428
-1.7142857142857144,0.14285714285714285,1.7142857142857142
-1.7142857142857144,0.14285714285714285,2.2857142857142856
-1.7142857142857144,0.14285714285714285,2.8571428571428568
-1.7142857142857144,0.14285714285714285,3.4285714285714284
-1.7142857142857144,0.14285714285714285,4.0
-1.7142857142857144,0.2857142857142857,0.0
-1.7142857142857144,0.2857142857142857,0.5714285714285714
-1.7142857142857144,0.2857142857142857,1.1428571428571428
-1.7142857142857144,0.2857142857142857,1.7142857142857142
-1.7142857142857144,0.2857142857142857,2.2857142857142856
-1.7142857142857144,0.2857142857142857,2.8571428571428568
-1.7142857142857144,0.2857142857142857,3.4285714285714284
-1.7142857142857144,0.2857142857142857,4.0
-1.7142857142857144,0.42857142857142855,0.0
-1.7142857142857144,0.42857142857142855,0.5714285714285714
-1.7142857142857144,0.42857142857142855,1.1428571428571428
-1.7142857142857144,0.42857142857142855,1.7142857142857142
-1.7142857142857144,0.42857142857142855,2.2857142857142856
-1.7142857142857144,0.42857142857142855,2.8571428571428568
-1.7142857142857144,0.42857142857142855,3.4285714285714284
-1.7142857142857144,0.42857142857142855,4.0
-1.7142857142857144,0.5714285714285714,0.0
-1.7142857142857144,0.5714285714285714,0.5714285714285714
-1.7142857142857144,0.5714285714285714,1.1428571428571428
-1.7142857142857144,0.5714285714285714,1.7142857142857142
-1.7142857142857144,0.5714285714285714,2.2857142857142856
-1.7142857142857144,0.5714285714285714,2.8571428571428568
-1.7142857142857144,0.5714285714285714,3.4285714285714284
-1.7142857142857144,0.5714285714285714,4.0
-1.7142857142857144,0.7142857142857142,0.0
-1.7142857142857144,0.7142857142857142,0.5714285714285714
-1.7142857142857144,0.7142857142857142,1.1428571428571428
-1.7142857142857144,0.7142857142857142,1.7142857142857142
-1.7142857142857144,0.7142857142857142,2.2857142857142856
-1.7142857142857144,0.7142857142857142,2.8571428571428568
-1.7142857142857144,0.7142857142857142,3.4285714285714284
-1.7142857142857144,0.7142857142857142,4.0
-1.7142857142857144,0.8571428571428571,0.0
-1.7142857142857144,0.8571428571428571,0.5714285714285714
-1.7142857142857144,0.8571428571428571,1.1428571428571428
-1.7142857142857144,0.8571428571428571,1.7142857142857142
-1.7142857142857144,0.8571428571428571,2.2857142857142856
-1.7142857142857144,0.8571428571428571,2.8571428571428568
-1.7142857142857144,0.8571428571428571,3.4285714285714284
-1.7142857142857144,0.8571428571428571,4.0
-1.7142857142857144,1.0,0.0
-1.7142857142857144,1.0,0.5714285714285714
-1.7142857142857144,1.0,1.1428571428571428
-1.7142857142857144,1.0,1.7142857142857142
-1.7142857142857144,1.0,2.2857142857142856
-1.7142857142857144,1.0,2.8571428571428568
-1.7142857142857144,1.0,3.4285714285714284
-1.7142857142857144,1.0,4.0
-1.5238095238095237,0.0,0.0
-1.5238095238095237,0.0,0.5714285714285714
-1.5238095238095237,0.0,1.1428571428571428
-1.5238095238095237,0.0,1.7142857142857142
-1.5238095238095237,0.0,2.2857142857142856
-1.5238095238095237,0.0,2.8571428571428568
-1.5238095238095237,0.0,3.4285714285714284
-1.5238095238095237,0.0,4.0
-1.5238095238095237,0.14285714285714285,0.0
-1.5238095238095237,0.14285714285714285,0.5714285714285714
-1.5238095238095237,0.14285714285714285,1.1428571428571428
-1.5238095238095237,0.14285714285714285,1.7142857142857142
-1.5238095238095237,0.14285714285714285,2.2857142857142856
-1.5238095238095237,0.14285714285714285,2.8571428571428568
-1.5238095238095237,0.14285714285714285,3.4285714285714284
-1.5238095238095237,0.14285714285714285,4.0
-1.5238095238095237,0.2857142857142857,0.0
-1.5238095238095237,0.2857142857142857,0.5714285714285714
-1.5238095238095237,0.2857142857142857,1.1428571428571428
-1.5238095238095237,0.2857142857142857,1.7142857142857142
-1.5238095238095237,0.2857142857142857,2.2857142857142856
-1.5238095238095237,0.2857142857142857,2.8571428571428568
-1.5238095238095237,0.2857142857142857,3.4285714285714284
-1.5238095238095237,0.2857142857142857,4.0
-1.5238095238095237,0.42857142857142855,0.0
-1.5238095238095237,0.42857142857142855,0.5714285714285714
-1.5238095238095237,0.42857142857142855,1.1428571428571428
-1.5238095238095237,0.42857142857142855,1.7142857142857142
-1.5238095238095237,0.42857142857142855,2.2857142857142856
-1.5238095238095237,0.42857142857142855,2.8571428571428568
-1.5238095238095237,0.42857142857142855,3.4285714285714284
-1.5238095238095237,0.42857142857142855,4.0
-1.5238095238095237,0.5714285714285714,0.0
-1.5238095238095237,0.5714285714285714,0.5714285714285714
-1.5238095238095237,0.5714285714285714,1.1428571428571428
-1.5238095238095237,0.5714285714285714,1.7142857142857142
-1.5238095238095237,0.5714285714285714,2.2857142857142856
-1.5238095238095237,0.5714285714285714,2.8571428571428568
-1.5238095238095237,0.5714285714285714,3.4285714285714284
-1.5238095238095237,0.5714285714285714,4.0
-1.5238095238095237,0.7142857142857142,0.0
-1.5238095238095237,0.7142857142857142,0.5714285714285714
-1.5238095238095237,0.7142857142857142,1.1428571428571428
-1.5238095238095237,0.7142857142857142,1.7142857142857142
-1.5238095238095237,0.7142857142857142,2.2857142857142856
-1.5238095238095237,0.7142857142857142,2.8571428571428568
-1.5238095238095237,0.7142857142857142,3.4285714285714284
-1.5238095238095237,0.7142857142857142,4.0
-1.5238095238095237,0.8571428571428571,0.0
-1.5238095238095237,0.8571428571428571,0.5714285714285714
-1.5238095238095237,0.8571428571428571,1.1428571428571428
-1.5238095238095237,0.8571428571428571,1.7142857142857142
-1.5238095238095237,0.8571428571428571,2.2857142857142856
-1.5238095238095237,0.8571428571428571,2.8571428571428568
-1.5238095238095237,0.8571428571428571,3.4285714285714284
-1.5238095238095237,0.8571428571428571,4.0
-1.5238095238095237,1.0,0.0
-1.5238095238095237,1.0,0.5714285714285714
-1.5238095238095237,1.0,1.1428571428571428
-1.5238095238095237,1.0,1.7142857142857142
-1.5238095238095237,1.0,2.2857142857142856
-1.5238095238095237,1.0,2.8571428571428568
-1.5238095238095237,1.0,3.4285714285714284
-1.5238095238095237,1.0,4.0
-1.3333333333333335,0.0,0.0
-1.3333333333333335,0.0,0.5714285714285714
-1.3333333333333335,0.0,1.1428571428571428
-1.3333333333333335,0.0,1.7142857142857142
-1.3333333333333335,0.0,2.2857142857142856
-1.3333333333333335,0.0,2.8571428571428568
-1.3333333333333335,0.0,3.4285714285714284
-1.3333333333333335,0.0,4.0
-1.3333333333333335,0.14285714285714285,0.0
-1.3333333333333335,0.14285714285714285,0.5714285714285714
-1.3333333333333335,0.14285714285714285,1.1428571428571428
-1.3333333333333335,0.14285714285714285,1.7142857142857142
-1.3333333333333335,0.14285714285714285,2.2857142857142856
-1.3333333333333335,0.14285714285714285,2.8571428571428568
-1.3333333333333335,0.14285714285714285,3.4285714285714284
-1.3333333333333335,0.14285714285714285,4.0
-1.3333333333333335,0.2857142857142857,0.0
-1.3333333333333335,0.2857142857142857,0.5714285714285714
-1.3333333333333335,0.2857142857142857,1.1428571428571428
-1.3333333333333335,0.2857142857142857,1.7142857142857142
-1.3333333333333335,0.2857142857142857,2.2857142857142856
-1.3333333333333335,0.2857142857142857,2.8571428571428568
-1.3333333333333335,0.2857142857142857,3.4285714285714284
-1.3333333333333335,0.2857142857142857,4.0
-1.3333333333333335,0.42857142857142855,0.0
-1.3333333333333335,0.42857142857142855,0.5714285714285714
-1.3333333333333335,0.42857142857142855,1.1428571428571428
-1.3333333333333335,0.42857142857142855,1.7142857142857142
-1.3333333333333335,0.42857142857142855,2.2857142857142856
-1.3333333333333335,0.42857142857142855,2.8571428571428568
-1.3333333333333335,0.42857142857142855,3.4285714285714284
-1.3333333333333335,0.42857142857142855,4.0
-1.3333333333333335,0.5714285714285714,0.0
-1.3333333333333335,0.5714285714285714,0.5714285714285714
-1.3333333333333335,0.5714285714285714,1.1428571428571428
-1.3333333333333335,0.5714285714285714,1.7142857142857142
-1.3333333333333335,0.5714285714285714,2.2857142857142856
-1.3333333333333335,0.5714285714285714,2.8571428571428568
-1.3333333333333335,0.5714285714285714,3.4285714285714284
-1.3333333333333335,0.5714285714285714,4.0
-1.3333333333333335,0.7142857142857142,0.0
-1.3333333333333335,0.7142857142857142,0.5714285714285714
-1.3333333333333335,0.7142857142857142,1.1428571428571428
-1.3333333333333335,0.7142857142857142,1.7142857142857142
-1.3333333333333335,0.7142857142857142,2.2857142857142856
-1.3333333333333335,0.7142857142857142,2.8571428571428568
-1.3333333333333335,0.7142857142857142,3.4285714285714284
-1.3333333333333335,0.7142857142857142,4.0
-1.3333333333333335,0.8571428571428571,0.0
-1.3333333333333335,0.8571428571428571,0.5714285714285714
-1.3333333333333335,0.8571428571428571,1.1428571428571428
-1.3333333333333335,0.8571428571428571,1.7142857142857142
-1.3333333333333335,0.8571428571428571,2.2857142857142856
-1.3333333333333335,0.8571428571428571,2.8571428571428568
-1.3333333333333335,0.8571428571428571,3.4285714285714284
-1.3333333333333335,0.8571428571428571,4.0
-1.3333333333333335,1.0,0.0
-1.3333333333333335,1.0,0.5714285714285714
-1.3333333333333335,1.0,1.1428571428571428
-1.3333333333333335,1.0,1.7142857142857142
-1.3333333333333335,1.0,2.2857142857142856
-1.3333333333333335,1.0,2.8571428571428568
-1.3333333333333335,1.0,3.4285714285714284
-1.3333333333333335,1.0,4.0
-1.1428571428571432,0.0,0.0
-1.1428571428571432,0.0,0.5714285714285714
-1.1428571428571432,0.0,1.1428571428571428
-1.1428571428571432,0.0,1.7142857142857142
-1.1428571428571432,0.0,2.2857142857142856
-1.1428571428571432,0.0,2.8571428571428568
-1.1428571428571432,0.0,3.4285714285714284
-1.1428571428571432,0.0,4.0
-1.1428571428571432,0.14285714285714285,0.0
-1.1428571428571432,0.14285714285714285,0.5714285714285714
-1.1428571428571432,0.14285714285714285,1.1428571428571428
-1.1428571428571432,0.14285714285714285,1.7142857142857142
-1.1428571428571432,0.14285714285714285,2.2857142857142856
-1.1428571428571432,0.14285714285714285,2.8571428571428568
-1.1428571428571432,0.14285714285714285,3.4285714285714284
-1.1428571428571432,0.14285714285714285,4.0
-1.1428571428571432,0.2857142857142857,0.0
-1.1428571428571432,0.2857142857142857,0.5714285714285714
-1.1428571428571432,0.2857142857142857,1.1428571428571428
-1.1428571428571432,0.2857142857142857,1.7142857142857142
-1.1428571428571432,0.2857142857142857,2.2857142857142856
-1.1428571428571432,0.2857142857142857,2.8571428571428568
-1.1428571428571432,0.2857142857142857,3.4285714285714284
-1.1428571428571432,0.2857142857142857,4.0
-1.1428571428571432,0.42857142857142855,0.0
-1.1428571428571432,0.42857142857142855,0.5714285714285714
-1.1428571428571432,0.42857142857142855,1.1428571428571428
-1.1428571428571432,0.42857142857142855,1.7142857142857142
-1.1428571428571432,0.42857142857142855,2.2857142857142856
-1.1428571428571432,0.42857142857142855,2.8571428571428568
-1.1428571428571432,0.42857142857142855,3.4285714285714284
-1.1428571428571432,0.42857142857142855,4.0
-1.1428571428571432,0.5714285714285714,0.0
-1.1428571428571432,0.5714285714285714,0.5714285714285714
-1.1428571428571432,0.5714285714285714,1.1428571428571428
-1.1428571428571432,0.5714285714285714,1.7142857142857142
-1.1428571428571432,0.5714285714285714,2.2857142857142856
-1.1428571428571432,0.5714285714285714,2.8571428571428568
-1.1428571428571432,0.5714285714285714,3.4285714285714284
-1.1428571428571432,0.5714285714285714,4.0
-1.1428571428571432,0.7142857142857142,0.0
-1.1428571428571432,0.7142857142857142,0.5714285714285714
-1.1428571428571432,0.7142857142857142,1.1428571428571428
-1.1428571428571432,0.7142857142857142,1.7142857142857142
-1.1428571428571432,0.7142857142857142,2.2857142857142856
-1.1428571428571432,0.7142857142857142,2.8571428571428568
-1.1428571428571432,0.7142857142857142,3.4285714285714284
-1.1428571428571432,0.7142857142857142,4.0
-1.1428571428571432,0.8571428571428571,0.0
-1.1428571428571432,0.8571428571428571,0.5714285714285714
-1.1428571428571432,0.8571428571428571,1.1428571428571428
-1.1428571428571432,0.8571428571428571,1.7142857142857142
-1.1428571428571432,0.8571428571428571,2.2857142857142856
-1.1428571428571432,0.8571428571428571,2.8571428571428568
-1.1428571428571432,0.8571428571428571,3.4285714285714284
-1.1428571428571432,0.8571428571428571,4.0
-1.1428571428571432,1.0,0.0
-1.1428571428571432,1.0,0.5714285714285714
-1.1428571428571432,1.0,1.1428571428571428
-1.1428571428571432,1.0,1.7142857142857142
-1.1428571428571432,1.0,2.2857142857142856
-1.1428571428571432,1.0,2.8571428571428568
-1.1428571428571432,1.0,3.4285714285714284
-1.1428571428571432,1.0,4.0
-0.9523809523809526,0.0,0.0
-0.9523809523809526,0.0,0.5714285714285714
-0.9523809523809526,0.0,1.1428571428571428
-0.9523809523809526,0.0,1.7142857142857142
-0.9523809523809526,0.0,2.2857142857142856
-0.9523809523809526,0.0,2.8571428571428568
-0.9523809523809526,0.0,3.4285714285714284
-0.9523809523809526,0.0,4.0
-0.9523809523809526,0.14285714285714285,0.0
-0.9523809523809526,0.14285714285714285,0.5714285714285714
-0.9523809523809526,0.14285714285714285,1.1428571428571428
-0.9523809523809526,0.14285714285714285,1.7142857142857142
-0.9523809523809526,0.14285714285714285,2.2857142857142856
-0.9523809523809526,0.14285714285714285,2.8571428571428568
-0.9523809523809526,0.14285714285714285,3.4285714285714284
-0.9523809523809526,0.14285714285714285,4.0
-0.9523809523809526,0.2857142857142857,0.0
-0.9523809523809526,0.2857142857142857,0.5714285714285714
-0.9523809523809526,0.2857142857142857,1.1428571428571428
-0.9523809523809526,0.2857142857142857,1.7142857142857142
-0.9523809523809526,0.2857142857142857,2.2857142857142856
-0.9523809523809526,0.2857142857142857,2.8571428571428568
-0.9523809523809526,0.2857142857142857,3.4285714285714284
-0.9523809523809526,0.2857142857142857,4.0
-0.9523809523809526,0.42857142857142855,0.0
-0.9523809523809526,0.42857142857142855,0.5714285714285714
-0.9523809523809526,0.42857142857142855,1.1428571428571428
-0.9523809523809526,0.42857142857142855,1.7142857142857142
-0.9523809523809526,0.42857142857142855,2.2857142857142856
-0.9523809523809526,0.42857142857142855,2.8571428571428568
-0.9523809523809526,0.42857142857142855,3.4285714285714284
-0.9523809523809526,0.42857142857142855,4.0
-0.9523809523809526,0.5714285714285714,0.0
-0.9523809523809526,0.5714285714285714,0.5714285714285714
-0.9523809523809526,0.5714285714285714,1.1428571428571428
-0.9523809523809526,0.5714285714285714,1.7142857142857142
-0.9523809523809526,0.5714285714285714,2.2857142857142856
-0.9523809523809526,0.5714285714285714,2.8571428571428568
-0.9523809523809526,0.5714285714285714,3.4285714285714284
-0.9523809523809526,0.5714285714285714,4.0
-0.9523809523809526,0.7142857142857142,0.0
-0.9523809523809526,0.7142857142857142,0.5714285714285714
-0.9523809523809526,0.7142857142857142,1.1428571428571428
-0.9523809523809526,0.7142857142857142,1.7142857142857142
-0.9523809523809526,0.7142857142857142,2.2857142857142856
-0.9523809523809526,0.7142857142857142,2.8571428571428568
-0.9523809523809526,0.7142857142857142,3.4285714285714284
-0.9523809523809526,0.7142857142857142,4.0
-0.9523809523809526,0.8571428571428571,0.0
-0.9523809523809526,0.8571428571428571,0.5714285714285714
-0.9523809523809526,0.8571428571428571,1.1428571428571428
-0.9523809523809526,0.8571428571428571,1.7142857142857142
-0.9523809523809526,0.8571428571428571,2.2857142857142856
-0.9523809523809526,0.8571428571428571,2.8571428571428568
-0.9523809523809526,0.8571428571428571,3.4285714285714284
-0.9523809523809526,0.8571428571428571,4.0
-0.9523809523809526,1.0,0.0
-0.9523809523809526,1.0,0.5714285714285714
-0.9523809523809526,1.0,1.1428571428571428
-0.9523809523809526,1.0,1.7142857142857142
-0.9523809523809526,1.0,2.2857142857142856
-0.9523809523809526,1.0,2.8571428571428568
-0.9523809523809526,1.0,3.4285714285714284
-0.9523809523809526,1.0,4.0
-0.7619047619047619,0.0,0.0
-0.7619047619047619,0.0,0.5714285714285714
-0.7619047619047619,0.0,1.1428571428571428
-0.7619047619047619,0.0,1.7142857142857142
-0.7619047619047619,0.0,2.2857142857142856
-0.7619047619047619,0.0,2.8571428571428568
-0.7619047619047619,0.0,3.4285714285714284
-0.7619047619047619,0.0,4.0
-0.7619047619047619,0.14285714285714285,0.0
-0.7619047619047619,0.14285714285714285,0.5714285714285714
-0.7619047619047619,0.14285714285714285,1.1428571428571428
-0.7619047619047619,0.14285714285714285,1.7142857142857142
-0.7619047619047619,0.14285714285714285,2.2857142857142856
-0.7619047619047619,0.14285714285714285,2.8571428571428568
-0.7619047619047619,0.14285714285714285,3.4285714285714284
-0.7619047619047619,0.14285714285714285,4.0
-0.7619047619047619,0.2857142857142857,0.0
-0.7619047619047619,0.2857142857142857,0.5714285714285714
-0.7619047619047619,0.2857142857142857,1.1428571428571428
-0.7619047619047619,0.2857142857142857,1.7142857142857142
-0.7619047619047619,0.2857142857142857,2.2857142857142856
-0.7619047619047619,0.2857142857142857,2.8571428571428568
-0.7619047619047619,0.2857142857142857,3.4285714285714284
-0.7619047619047619,0.2857142857142857,4.0
-0.7619047619047619,0.42857142857142855,0.0
-0.7619047619047619,0.42857142857142855,0.5714285714285714
-0.7619047619047619,0.42857142857142855,1.1428571428571428
-0.7619047619047619,0.42857142857142855,1.7142857142857142
-0.7619047619047619,0.42857142857142855,2.2857142857142856
-0.7619047619047619,0.42857142857142855,2.8571428571428568
-0.7619047619047619,0.42857142857142855,3.4285714285714284
-0.7619047619047619,0.42857142857142855,4.0
-0.7619047619047619,0.5714285714285714,0.0
-0.7619047619047619,0.5714285714285714,0.5714285714285714
-0.7619047619047619,0.5714285714285714,1.1428571428571428
-0.7619047619047619,0.5714285714285714,1.7142857142857142
-0.7619047619047619,0.5714285714285714,2.2857142857142856
-0.7619047619047619,0.5714285714285714,2.8571428571428568
-0.7619047619047619,0.5714285714285714,3.4285714285714284
-0.7619047619047619,0.5714285714285714,4.0
-0.7619047619047619,0.7142857142857142,0.0
-0.7619047619047619,0.7142857142857142,0.5714285714285714
-0.7619047619047619,0.7142857142857142,1.1428571428571428
-0.7619047619047619,0.7142857142857142,1.7142857142857142
-0.7619047619047619,0.7142857142857142,2.2857142857142856
-0.7619047619047619,0.7142857142857142,2.8571428571428568
-0.7619047619047619,0.7142857142857142,3.4285714285714284
-0.7619047619047619,0.7142857142857142,4.0
-0.7619047619047619,0.8571428571428571,0.0
-0.7619047619047619,0.8571428571428571,0.5714285714285714
-0.7619047619047619,0.8571428571428571,1.1428571428571428
-0.7619047619047619,0.8571428571428571,1.7142857142857142
-0.7619047619047619,0.8571428571428571,2.2857142857142856
-0.7619047619047619,0.8571428571428571,2.8571428571428568
-0.7619047619047619,0.8571428571428571,3.4285714285714284
-0.7619047619047619,0.8571428571428571,4.0
-0.7619047619047619,1.0,0.0
-0.7619047619047619,1.0,0.5714285714285714
-0.7619047619047619,1.0,1.1428571428571428
-0.7619047619047619,1.0,1.7142857142857142
-0.7619047619047619,1.0,2.2857142857142856
-0.7619047619047619,1.0,2.8571428571428568
-0.7619047619047619,1.0,3.4285714285714284
-0.7619047619047619,1.0,4.0
-0.5714285714285716,0.0,0.0
-0.5714285714285716,0.0,0.5714285714285714
-0.5714285714285716,0.0,1.1428571428571428
-0.5714285714285716,0.0,1.7142857142857142
-0.5714285714285716,0.0,2.2857142857142856
-0.5714285714285716,0.0,2.8571428571428568
-0.5714285714285716,0.0,3.4285714285714284
-0.5714285714285716,0.0,4.0
-0.5714285714285716,0.14285714285714285,0.0
-0.5714285714285716,0.14285714285714285,0.5714285714285714
-0.5714285714285716,0.14285714285714285,1.1428571428571428
-0.5714285714285716,0.14285714285714285,1.7142857142857142
-0.5714285714285716,0.14285714285714285,2.2857142857142856
-0.5714285714285716,0.14285714285714285,2.8571428571428568
-0.5714285714285716,0.14285714285714285,3.4285714285714284
-0.5714285714285716,0.14285714285714285,4.0
-0.5714285714285716,0.2857142857142857,0.0
-0.5714285714285716,0.2857142857142857,0.5714285714285714
-0.5714285714285716,0.2857142857142857,1.1428571428571428
-0.5714285714285716,0.2857142857142857,1.7142857142857142
-0.5714285714285716,0.2857142857142857,2.2857142857142856
-0.5714285714285716,0.2857142857142857,2.8571428571428568
-0.5714285714285716,0.2857142857142857,3.4285714285714284
-0.5714285714285716,0.2857142857142857,4.0
-0.5714285714285716,0.42857142857142855,0.0
-0.5714285714285716,0.42857142857142855,0.5714285714285714
-0.5714285714285716,0.42857142857142855,1.1428571428571428
-0.5714285714285716,0.42857142857142855,1.7142857142857142
-0.5714285714285716,0.42857142857142855,2.2857142857142856
-0.5714285714285716,0.42857142857142855,2.8571428571428568
-0.5714285714285716,0.42857142857142855,3.4285714285714284
-0.5714285714285716,0.42857142857142855,4.0
-0.5714285714285716,0.5714285714285714,0.0
-0.5714285714285716,0.5714285714285714,0.5714285714285714
-0.5714285714285716,0.5714285714285714,1.1428571428571428
-0.5714285714285716,0.5714285714285714,1.7142857142857142
-0.5714285714285716,0.5714285714285714,2.2857142857142856
-0.5714285714285716,0.5714285714285714,2.8571428571428568
-0.5714285714285716,0.5714285714285714,3.4285714285714284
-0.5714285714285716,0.5714285714285714,4.0
-0.5714285714285716,0.7142857142857142,0.0
-0.5714285714285716,0.7142857142857142,0.5714285714285714
-0.5714285714285716,0.7142857142857142,1.1428571428571428
-0.5714285714285716,0.7142857142857142,1.7142857142857142
-0.5714285714285716,0.7142857142857142,2.2857142857142856
-0.5714285714285716,0.7142857142857142,2.8571428571428568
-0.5714285714285716,0.7142857142857142,3.4285714285714284
-0.5714285714285716,0.7142857142857142,4.0
-0.5714285714285716,0.8571428571428571,0.0
-0.5714285714285716,0.8571428571428571,0.5714285714285714
-0.5714285714285716,0.8571428571428571,1.1428571428571428
-0.5714285714285716,0.8571428571428571,1.7142857142857142
-0.5714285714285716,0.8571428571428571,2.2857142857142856
-0.5714285714285716,0.8571428571428571,2.8571428571428568
-0.5714285714285716,0.8571428571428571,3.4285714285714284
-0.5714285714285716,0.8571428571428571,4.0
-0.5714285714285716,1.0,0.0
-0.5714285714285716,1.0,0.5714285714285714
-0.5714285714285716,1.0,1.1428571428571428
-0.5714285714285716,1.0,1.7142857142857142
-0.5714285714285716,1.0,2.2857142857142856
-0.5714285714285716,1.0,2.8571428571428568
-0.5714285714285716,1.0,3.4285714285714284
-0.5714285714285716,1.0,4.0
-0.3809523809523814,0.0,0.0
-0.3809523809523814,0.0,0.5714285714285714
-0.3809523809523814,0.0,1.1428571428571428
-0.3809523809523814,0.0,1.7142857142857142
-0.3809523809523814,0.0,2.2857142857142856
-0.3809523809523814,0.0,2.8571428571428568
-0.3809523809523814,0.0,3.4285714285714284
-0.3809523809523814,0.0,4.0
-0.3809523809523814,0.14285714285714285,0.0
-0.3809523809523814,0.14285714285714285,0.5714285714285714
-0.3809523809523814,0.14285714285714285,1.1428571428571428
-0.3809523809523814,0.14285714285714285,1.7142857142857142
-0.3809523809523814,0.14285714285714285,2.2857142857142856
-0.3809523809523814,0.14285714285714285,2.8571428571428568
-0.3809523809523814,0.14285714285714285,3.4285714285714284
-0.3809523809523814,0.14285714285714285,4.0
-0.3809523809523814,0.2857142857142857,0.0
-0.3809523809523814,0.2857142857142857,0.5714285714285714
-0.3809523809523814,0.2857142857142857,1.1428571428571428
-0.3809523809523814,0.2857142857142857,1.7142857142857142
-0.3809523809523814,0.2857142857142857,2.2857142857142856
-0.3809523809523814,0.2857142857142857,2.8571428571428568
-0.3809523809523814,0.2857142857142857,3.4285714285714284
-0.3809523809523814,0.2857142857142857,4.0
-0.3809523809523814,0.42857142857142855,0.0
-0.3809523809523814,0.42857142857142855,0.5714285714285714
-0.3809523809523814,0.42857142857142855,1.1428571428571428
-0.3809523809523814,0.42857142857142855,1.7142857142857142
-0.3809523809523814,0.42857142857142855,2.2857142857142856
-0.3809523809523814,0.42857142857142855,2.8571428571428568
-0.3809523809523814,0.42857142857142855,3.4285714285714284
-0.3809523809523814,0.42857142857142855,4.0
-0.3809523809523814,0.5714285714285714,0.0
-0.3809523809523814,0.5714285714285714,0.5714285714285714
-0.3809523809523814,0.5714285714285714,1.1428571428571428
-0.3809523809523814,0.5714285714285714,1.7142857142857142
-0.3809523809523814,0.5714285714285714,2.2857142857142856
-0.3809523809523814,0.5714285714285714,2.8571428571428568
-0.3809523809523814,0.5714285714285714,3.4285714285714284
-0.3809523809523814,0.5714285714285714,4.0
-0.3809523809523814,0.7142857142857142,0.0
-0.3809523809523814,0.7142857142857142,0.5714285714285714
-0.3809523809523814,0.7142857142857142,1.1428571428571428
-0.3809523809523814,0.7142857142857142,1.7142857142857142
-0.3809523809523814,0.7142857142857142,2.2857142857142856
-0.3809523809523814,0.7142857142857142,2.8571428571428568
-0.3809523809523814,0.7142857142857142,3.4285714285714284
-0.3809523809523814,0.7142857142857142,4.0
-0.3809523809523814,0.8571428571428571,0.0
-0.3809523809523814,0.8571428571428571,0.5714285714285714
-0.3809523809523814,0.8571428571428571,1.1428571428571428
-0.3809523809523814,0.8571428571428571,1.7142857142857142
-0.3809523809523814,0.8571428571428571,2.2857142857142856
-0.3809523809523814,0.8571428571428571,2.8571428571428568
-0.3809523809523814,0.8571428571428571,3.4285714285714284
-0.3809523809523814,0.8571428571428571,4.0
-0.3809523809523814,1.0,0.0
-0.3809523809523814,1.0,0.5714285714285714
-0.3809523809523814,1.0,1.1428571428571428
-0.3809523809523814,1.0,1.7142857142857142
-0.3809523809523814,1.0,2.2857142857142856
-0.3809523809523814,1.0,2.8571428571428568
-0.3809523809523814,1.0,3.4285714285714284
-0.3809523809523814,1.0,4.0
-0.19047619047619066,0.0,0.0
-0.19047619047619066,0.0,0.5714285714285714
-0.19047619047619066,0.0,1.1428571428571428
-0.19047619047619066,0.0,1.7142857142857142
-0.19047619047619066,0.0,2.2857142857142856
-0.19047619047619066,0.0,2.8571428571428568
-0.19047619047619066,0.0,3.4285714285714284
-0.19047619047619066,0.0,4.0
-0.19047619047619066,0.14285714285714285,0.0
-0.19047619047619066,0.14285714285714285,0.5714285714285714
-0.19047619047619066,0.14285714285714285,1.1428571428571428
-0.19047619047619066,0.14285714285714285,1.7142857142857142
-0.19047619047619066,0.14285714285714285,2.2857142857142856
-0.19047619047619066,0.14285714285714285,2.8571428571428568
-0.19047619047619066,0.14285714285714285,3.4285714285714284
-0.19047619047619066,0.14285714285714285,4.0
-0.19047619047619066,0.2857142857142857,0.0
-0.19047619047619066,0.2857142857142857,0.5714285714285714
-0.19047619047619066,0.2857142857142857,1.1428571428571428
-0.19047619047619066,0.2857142857142857,1.7142857142857142
-0.19047619047619066,0.2857142857142857,2.2857142857142856
-0.19047619047619066,0.2857142857142857,2.8571428571428568
-0.19047619047619066,0.2857142857142857,3.4285714285714284
-0.19047619047619066,0.2857142857142857,4.0
-0.19047619047619066,0.42857142857142855,0.0
-0.19047619047619066,0.42857142857142855,0.5714285714285714
-0.19047619047619066,0.42857142857142855,1.1428571428571428
-0.19047619047619066,0.42857142857142855,1.7142857142857142
-0.19047619047619066,0.42857142857142855,2.2857142857142856
-0.19047619047619066,0.42857142857142855,2.8571428571428568
-0.19047619047619066,0.42857142857142855,3.4285714285714284
-0.19047619047619066,0.42857142857142855,4.0
-0.19047619047619066,0.5714285714285714,0.0
-0.19047619047619066,0.5714285714285714,0.5714285714285714
-0.19047619047619066,0.5714285714285714,1.1428571428571428
-0.19047619047619066,0.5714285714285714,1.7142857142857142
-0.19047619047619066,0.5714285714285714,2.2857142857142856
-0.19047619047619066,0.5714285714285714,2.8571428571428568
-0.19047619047619066,0.5714285714285714,3.4285714285714284
-0.19047619047619066,0.5714285714285714,4.0
-0.19047619047619066,0.7142857142857142,0.0
-0.19047619047619066,0.7142857142857142,0.5714285714285714
-0.19047619047619066,0.7142857142857142,1.1428571428571428
-0.19047619047619066,0.7142857142857142,1.7142857142857142
-0.19047619047619066,0.7142857142857142,2.2857142857142856
-0.19047619047619066,0.7142857142857142,2.8571428571428568
-0.19047619047619066,0.7142857142857142,3.4285714285714284
-0.19047619047619066,0.7142857142857142,4.0
-0.19047619047619066,0.8571428571428571,0.0
-0.19047619047619066,0.8571428571428571,0.5714285714285714
-0.19047619047619066,0.8571428571428571,1.1428571428571428
-0.19047619047619066,0.8571428571428571,1.7142857142857142
-0.19047619047619066,0.8571428571428571,2.2857142857142856
-0.19047619047619066,0.8571428571428571,2.8571428571428568
-0.19047619047619066,0.8571428571428571,3.4285714285714284
-0.19047619047619066,0.8571428571428571,4.0
-0.19047619047619066,1.0,0.0
-0.19047619047619066,1.0,0.5714285714285714
-0.19047619047619066,1.0,1.1428571428571428
-0.19047619047619066,1.0,1.7142857142857142
-0.19047619047619066,1.0,2.2857142857142856
-0.19047619047619066,1.0,2.8571428571428568
-0.19047619047619066,1.0,3.4285714285714284
-0.19047619047619066,1.0,4.0
0.0,0.0,0.0
0.0,0.0,0.5714285714285714
0.0,0.0,1.1428571428571428
0.0,0.0,1.7142857142857142
0.0,0.0,2.2857142857142856
0.0,0.0,2.8571428571428568
0.0,0.0,3.4285714285714284
0.0,0.0,4.0
0.0,0.14285714285714285,0.0
0.0,0.14285714285714285,0.5714285714285714
0.0,0.14285714285714285,1.1428571428571428
0.0,0.14285714285714285,1.7142857142857142
0.0,0.14285714285714285,2.2857142857142856
0.0,0.14285714285714285,2.8571428571428568
0.0,0.14285714285714285,3.4285714285714284
0.0,0.14285714285714285,4.0
0.0,0.2857142857142857,0.0
0.0,0.2857142857142857,0.5714285714285714
0.0,0.2857142857142857,1.1428571428571428
0.0,0.2857142857142857,1.7142857142857142
0.0,0.2857142857142857,2.2857142857142856
0.0,0.2857142857142857,2.8571428571428568
0.0,0.2857142857142857,3.4285714285714284
0.0,0.2857142857142857,4.0
0.0,0.42857142857142855,0.0
0.0,0.42857142857142855,0.5714285714285714
0.0,0.42857142857142855,1.1428571428571428
0.0,0.42857142857142855,1.7142857142857142
0.0,0.42857142857142855,2.2857142857142856
0.0,0.42857142857142855,2.8571428571428568
0.0,0.42857142857142855,3.4285714285714284
0.0,0.42857142857142855,4.0
0.0,0.5714285714285714,0.0
0.0,0.5714285714285714,0.5714285714285714
0.0,0.5714285714285714,1.1428571428571428
0.0,0.5714285714285714,1.7142857142857142
0.0,0.5714285714285714,2.2857142857142856
0.0,0.5714285714285714,2.8571428571428568
0.0,0.5714285714285714,3.4285714285714284
0.0,0.5714285714285714,4.0
0.0,0.7142857142857142,0.0
0.0,0.7142857142857142,0.5714285714285714
0.0,0.7142857142857142,1.1428571428571428
0.0,0.7142857142857142,1.7142857142857142
0.0,0.7142857142857142,2.2857142857142856
0.0,0.7142857142857142,2.8571428571428568
0.0,0.7142857142857142,3.4285714285714284
0.0,0.7142857142857142,4.0
0.0,0.8571428571428571,0.0
0.0,0.8571428571428571,0.5714285714285714
0.0,0.8571428571428571,1.1428571428571428
0.0,0.8571428571428571,1.7142857142857142
0.0,0.8571428571428571,2.2857142857142856
0.0,0.8571428571428571,2.8571428571428568
0.0,0.8571428571428571,3.4285714285714284
0.0,0.8571428571428571,4.0
0.0,1.0,0.0
0.0,1.0,0.5714285714285714
0.0,1.0,1.1428571428571428
0.0,1.0,1.7142857142857142
0.0,1.0,2.2857142857142856
0.0,1.0,2.8571428571428568
0.0,1.0,3.4285714285714284
0.0,1.0,4.0
